{
	"objName": "car",
	"variables": [{
			"name": "Velocity X",
			"value": "1",
			"isPersistent": false
		},
		{
			"name": "Velocity Y",
			"value": "0",
			"isPersistent": false
		},
		{
			"name": "Index X",
			"value": 36,
			"isPersistent": false
		},
		{
			"name": "Index Y",
			"value": 56,
			"isPersistent": false
		},
		{
			"name": "New Velocity X",
			"value": "1",
			"isPersistent": false
		},
		{
			"name": "New Velocity Y",
			"value": "0",
			"isPersistent": false
		},
		{
			"name": "x",
			"value": -36,
			"isPersistent": false
		},
		{
			"name": "y",
			"value": 48,
			"isPersistent": false
		},
		{
			"name": "Speed",
			"value": "6",
			"isPersistent": false
		},
		{
			"name": "Target Angle",
			"value": "90",
			"isPersistent": false
		},
		{
			"name": "Delta Angle",
			"value": 90,
			"isPersistent": false
		},
		{
			"name": "World X",
			"value": 0,
			"isPersistent": false
		},
		{
			"name": "World Y",
			"value": 0,
			"isPersistent": false
		},
		{
			"name": "Is Player?",
			"value": "FALSE",
			"isPersistent": false
		},
		{
			"name": "Clone Id",
			"value": 0,
			"isPersistent": false
		},
		{
			"name": "Id Loop Index",
			"value": 2,
			"isPersistent": false
		},
		{
			"name": "Delta X",
			"value": 0,
			"isPersistent": false
		},
		{
			"name": "Delta Y",
			"value": 0,
			"isPersistent": false
		},
		{
			"name": "Crash Test?",
			"value": "false",
			"isPersistent": false
		},
		{
			"name": "Emitting Smoke?",
			"value": 0,
			"isPersistent": false
		},
		{
			"name": "Smoke Counter",
			"value": 0,
			"isPersistent": false
		},
		{
			"name": "Last Smoke X",
			"value": 0,
			"isPersistent": false
		},
		{
			"name": "Last Smoke Y",
			"value": 0,
			"isPersistent": false
		},
		{
			"name": "Smoke Index",
			"value": "1",
			"isPersistent": false
		},
		{
			"name": "Smoke Collision?",
			"value": "false",
			"isPersistent": false
		},
		{
			"name": "Delta X From Grid",
			"value": 0,
			"isPersistent": false
		},
		{
			"name": "Delta Y From Grid",
			"value": 0,
			"isPersistent": false
		},
		{
			"name": "Nearest Grid X",
			"value": 0,
			"isPersistent": false
		},
		{
			"name": "Nearest Grid Y",
			"value": 0,
			"isPersistent": false
		},
		{
			"name": "Can Turn?",
			"value": 0,
			"isPersistent": false
		},
		{
			"name": "Sign Test",
			"value": 0,
			"isPersistent": false
		},
		{
			"name": "Temp Velocity X",
			"value": "1",
			"isPersistent": false
		},
		{
			"name": "Temp Velocity Y",
			"value": "0",
			"isPersistent": false
		},
		{
			"name": "Temp Distance",
			"value": 480,
			"isPersistent": false
		},
		{
			"name": "Temp Test",
			"value": 0,
			"isPersistent": false
		},
		{
			"name": "Is Clone?",
			"value": 0,
			"isPersistent": false
		},
		{
			"name": "Local Rock Collision?",
			"value": 0,
			"isPersistent": false
		},
		{
			"name": "Local Generic Index",
			"value": 0,
			"isPersistent": false
		},
		{
			"name": "Local Crashed?",
			"value": "true",
			"isPersistent": false
		}],
	"scripts": [[1573,
			10,
			[["procDef", "Set Target Angle", [], [], true],
				["doIfElse",
					["=", ["readVariable", "New Velocity X"], "0"],
					[["doIfElse",
							["=", ["readVariable", "New Velocity Y"], "-1"],
							[["setVar:to:", "Target Angle", "0"]],
							[["setVar:to:", "Target Angle", "180"]]]],
					[["doIfElse",
							["=", ["readVariable", "New Velocity X"], "-1"],
							[["setVar:to:", "Target Angle", "-90"]],
							[["setVar:to:", "Target Angle", "90"]]]]],
				["setVar:to:", "Delta Angle", ["-", ["readVariable", "Target Angle"], ["heading"]]],
				["doIfElse",
					[">", ["readVariable", "Delta Angle"], "180"],
					[["changeVar:by:", "Delta Angle", -360]],
					[["doIf", ["<", ["readVariable", "Delta Angle"], "-180"], [["changeVar:by:", "Delta Angle", 360]]]]]]],
		[5517,
			10,
			[["procDef", "Update Direction", [], [], true],
				["doIf",
					["not",
						["&",
							["=", ["readVariable", "Velocity X"], ["readVariable", "New Velocity X"]],
							["=", ["readVariable", "Velocity Y"], ["readVariable", "New Velocity Y"]]]],
					[["call", "Set Target Angle"],
						["setVar:to:", "Velocity X", ["readVariable", "New Velocity X"]],
						["setVar:to:", "Velocity Y", ["readVariable", "New Velocity Y"]]]]]],
		[5116,
			10,
			[["whenCloned"],
				["append:toList:", "0", "Car World X"],
				["append:toList:", "0", "Car World Y"],
				["setVar:to:", "Clone Id", ["readVariable", "Clone Count Id"]],
				["changeVar:by:", "Clone Count Id", 1],
				["setVar:to:", "World X", ["*", ["readVariable", "Clone Car Tile X"], 24]],
				["setVar:to:", "World Y", ["*", ["readVariable", "Clone Car Tile Y"], 24]],
				["setVar:to:", "Velocity X", 0],
				["doIfElse",
					["<", ["readVariable", "Clone Id"], "7"],
					[["setVar:to:", "Velocity Y", "-1"]],
					[["setVar:to:", "Velocity Y", "1"]]],
				["setVar:to:", "New Velocity X", ["readVariable", "Velocity X"]],
				["setVar:to:", "New Velocity Y", ["readVariable", "Velocity Y"]],
				["setVar:to:", "Crash Test?", "false"],
				["setVar:to:", "Emitting Smoke?", "false"],
				["setVar:to:", "Smoke Collision?", "false"],
				["call", "Set Target Angle"],
				["heading:", 0],
				["doIfElse",
					["=", ["readVariable", "Clone Car Is Player?"], "true"],
					[["gotoX:y:", ["readVariable", "Centre Screen X"], ["readVariable", "Centre Screen Y"]],
						["lookLike:", "car"],
						["setVar:to:", "Is Player?", "true"],
						["setVar:to:", "Player World X", ["readVariable", "World X"]],
						["setVar:to:", "Player World Y", ["readVariable", "World Y"]],
						["setVar:to:", "Speed", "4"]],
					[["xpos:",
							["+", ["readVariable", "Centre Screen X"], ["-", ["readVariable", "World X"], ["readVariable", "Player World X"]]]],
						["ypos:",
							["+", ["readVariable", "Centre Screen Y"], ["-", ["readVariable", "Player World Y"], ["readVariable", "World Y"]]]],
						["lookLike:", "enemy"],
						["setVar:to:", "Is Player?", "false"],
						["setVar:to:", "Speed", ["+", 3.9, ["*", 0.1, ["readVariable", "Level"]]]]]],
				["setLine:ofList:to:", ["readVariable", "Clone Id"], "Car World X", ["readVariable", "World X"]],
				["setLine:ofList:to:", ["readVariable", "Clone Id"], "Car World Y", ["readVariable", "World Y"]]]],
		[10,
			402,
			[["whenIReceive", "Update Game"],
				["doIf",
					[">", ["readVariable", "Clone Id"], "0"],
					[["doIf",
							["=", ["readVariable", "Is Player?"], "false"],
							[["doIf",
									["=", ["readVariable", "Global Chasing?"], "true"],
									[["call", "Check Smoke Collision"],
										["doIf",
											["=", ["readVariable", "Smoke Collision?"], "false"],
											[["call", "Start Update"],
												["call", "Avoid Other Cars"],
												["call", "Avoid Rocks"],
												["call", "Enemy Control"],
												["call", "Avoid Walls"],
												["call", "Update Direction"],
												["setLine:ofList:to:", ["readVariable", "Clone Id"], "Car World X", ["readVariable", "World X"]],
												["setLine:ofList:to:", ["readVariable", "Clone Id"], "Car World Y", ["readVariable", "World Y"]]]]]]]]]]]],
		[4626,
			10,
			[["procDef", "Check For Crash", [], [], true],
				["setVar:to:", "Local Crashed?", "false"],
				["setVar:to:", "Id Loop Index", "2"],
				["doRepeat",
					["readVariable", "Global Num Red Cars"],
					[["setVar:to:", "Delta X", ["-", ["getLine:ofList:", ["readVariable", "Id Loop Index"], "Car World X"], ["readVariable", "World X"]]],
						["setVar:to:", "Delta Y", ["-", ["getLine:ofList:", ["readVariable", "Id Loop Index"], "Car World Y"], ["readVariable", "World Y"]]],
						["doIf",
							["<",
								["+",
									["*", ["readVariable", "Delta X"], ["readVariable", "Delta X"]],
									["*", ["readVariable", "Delta Y"], ["readVariable", "Delta Y"]]],
								"256"],
							[["setVar:to:", "Local Crashed?", "true"]]],
						["changeVar:by:", "Id Loop Index", 1]]],
				["setVar:to:", "Id Loop Index", "1"],
				["doRepeat",
					["readVariable", "Global Num Rocks"],
					[["setVar:to:", "Delta X", ["-", ["getLine:ofList:", ["readVariable", "Id Loop Index"], "Global Boulder World X"], ["readVariable", "World X"]]],
						["setVar:to:", "Delta Y", ["-", ["getLine:ofList:", ["readVariable", "Id Loop Index"], "Global Boulder World Y"], ["readVariable", "World Y"]]],
						["doIf",
							["<",
								["+",
									["*", ["readVariable", "Delta X"], ["readVariable", "Delta X"]],
									["*", ["readVariable", "Delta Y"], ["readVariable", "Delta Y"]]],
								"256"],
							[["setVar:to:", "Local Crashed?", "true"]]],
						["changeVar:by:", "Id Loop Index", 1]]],
				["doIf", ["=", ["readVariable", "Local Crashed?"], "true"], [["hide"], ["broadcast:", "Crashed"]]]]],
		[1050,
			493,
			[["whenIReceive", "Update Player"],
				["doIf",
					[">", ["readVariable", "Clone Id"], "0"],
					[["doIf",
							["=", ["readVariable", "Is Player?"], "true"],
							[["doIfElse",
									[">", ["readVariable", "Fuel"], "0"],
									[["changeVar:by:", "Fuel", -0.5],
										["doIfElse",
											["=", ["readVariable", "Fuel"], "100"],
											[["playSound:", "empty-warning-sound"]],
											[["doIf",
													["not", [">", ["readVariable", "Fuel"], "0"]],
													[["setVar:to:", "Fuel", 0],
														["doIf", ["=", ["readVariable", "Challenge Stage?"], "true"], [["setVar:to:", "Global Chasing?", "true"]]]]]]]],
									[["doIf", [">", ["readVariable", "Speed"], "2"], [["changeVar:by:", "Speed", -0.05]]]]],
								["call", "Start Update"],
								["call", "Player Control"],
								["call", "Emit Smoke"],
								["call", "Avoid Walls"],
								["call", "Update Direction"],
								["setVar:to:", "Player World X", ["readVariable", "World X"]],
								["setVar:to:", "Player World Y", ["readVariable", "World Y"]],
								["setLine:ofList:to:", ["readVariable", "Clone Id"], "Car World X", ["readVariable", "World X"]],
								["setLine:ofList:to:", ["readVariable", "Clone Id"], "Car World Y", ["readVariable", "World Y"]],
								["call", "Check For Crash"]]]]]]],
		[10,
			76,
			[["procDef", "Check Smoke Collision", [], [], true],
				["setVar:to:", "Smoke Collision?", "false"],
				["setVar:to:", "Smoke Index", "1"],
				["doUntil",
					[">", ["readVariable", "Smoke Index"], ["lineCountOfList:", "Smoke World X"]],
					[["setVar:to:", "Delta X", ["-", ["getLine:ofList:", ["readVariable", "Smoke Index"], "Smoke World X"], ["readVariable", "World X"]]],
						["setVar:to:", "Delta Y", ["-", ["getLine:ofList:", ["readVariable", "Smoke Index"], "Smoke World Y"], ["readVariable", "World Y"]]],
						["doIf",
							["<",
								["+",
									["*", ["readVariable", "Delta X"], ["readVariable", "Delta X"]],
									["*", ["readVariable", "Delta Y"], ["readVariable", "Delta Y"]]],
								"256"],
							[["setVar:to:", "Smoke Collision?", "true"]]],
						["changeVar:by:", "Smoke Index", 1]]]]],
		[10, 10, [["whenIReceive", "Initialise Challenging Stage"], ["hide"]]],
		[2022,
			10,
			[["procDef", "Avoid Other Cars", [], [], true],
				["setVar:to:", "Crash Test?", "false"],
				["setVar:to:", "Id Loop Index", "2"],
				["call", "Test Against Car %n %n", ["readVariable", "Clone Id"], ["readVariable", "Id Loop Index"]],
				["doIf",
					["not", [">", ["readVariable", "Id Loop Index"], ["readVariable", "Global Num Cars"]]],
					[["call", "Test Against Car %n %n", ["readVariable", "Clone Id"], ["readVariable", "Id Loop Index"]],
						["doIf",
							["not", [">", ["readVariable", "Id Loop Index"], ["readVariable", "Global Num Cars"]]],
							[["call", "Test Against Car %n %n", ["readVariable", "Clone Id"], ["readVariable", "Id Loop Index"]],
								["doIf",
									["not", [">", ["readVariable", "Id Loop Index"], ["readVariable", "Global Num Cars"]]],
									[["call", "Test Against Car %n %n", ["readVariable", "Clone Id"], ["readVariable", "Id Loop Index"]],
										["doIf",
											["not", [">", ["readVariable", "Id Loop Index"], ["readVariable", "Global Num Cars"]]],
											[["call", "Test Against Car %n %n", ["readVariable", "Clone Id"], ["readVariable", "Id Loop Index"]],
												["doIf",
													["not", [">", ["readVariable", "Id Loop Index"], ["readVariable", "Global Num Cars"]]],
													[["call", "Test Against Car %n %n", ["readVariable", "Clone Id"], ["readVariable", "Id Loop Index"]],
														["doIf",
															["not", [">", ["readVariable", "Id Loop Index"], ["readVariable", "Global Num Cars"]]],
															[["call", "Test Against Car %n %n", ["readVariable", "Clone Id"], ["readVariable", "Id Loop Index"]]]]]]]]]]]]]],
				["doIf",
					["=", ["readVariable", "Crash Test?"], "true"],
					[["setVar:to:", "New Velocity X", ["-", 0, ["readVariable", "Velocity X"]]],
						["setVar:to:", "New Velocity Y", ["-", 0, ["readVariable", "Velocity Y"]]],
						["changeVar:by:", "World X", ["*", ["readVariable", "New Velocity X"], ["readVariable", "Speed"]]],
						["changeVar:by:", "World Y", ["*", ["readVariable", "New Velocity Y"], ["readVariable", "Speed"]]]]]]],
		[1573,
			543,
			[["procDef", "Test Against Car %n %n", ["Car Index 1", "Car Index 2"], [1, 1], true],
				["doIf",
					["not", ["=", ["getParam", "Car Index 1", "r"], ["getParam", "Car Index 2", "r"]]],
					[["setVar:to:",
							"Delta X",
							["-", ["getLine:ofList:", ["getParam", "Car Index 2", "r"], "Car World X"], ["readVariable", "World X"]]],
						["setVar:to:",
							"Delta Y",
							["-", ["getLine:ofList:", ["getParam", "Car Index 2", "r"], "Car World Y"], ["readVariable", "World Y"]]],
						["doIf",
							["<",
								["+",
									["*", ["readVariable", "Delta X"], ["readVariable", "Delta X"]],
									["*", ["readVariable", "Delta Y"], ["readVariable", "Delta Y"]]],
								"256"],
							[["setVar:to:", "Crash Test?", "true"]]]]],
				["changeVar:by:", "Id Loop Index", 1]]],
		[3822,
			10,
			[["whenIReceive", "Render Game"],
				["doIf",
					[">", ["readVariable", "Clone Id"], "0"],
					[["doIfElse",
							["=", ["readVariable", "Is Player?"], "false"],
							[["setVar:to:", "x", ["-", ["readVariable", "World X"], ["readVariable", "Player World X"]]],
								["setVar:to:", "y", ["-", ["readVariable", "Player World Y"], ["readVariable", "World Y"]]],
								["doIfElse",
									["|",
										["<", ["readVariable", "y"], ["*", -6, 24]],
										["|",
											[">", ["readVariable", "y"], ["*", 6, 24]],
											["|",
												["<", ["readVariable", "x"], ["*", -6, 24]],
												[">", ["readVariable", "x"], ["*", 6, 24]]]]],
									[["hide"]],
									[["xpos:", ["+", ["readVariable", "Centre Screen X"], ["readVariable", "x"]]],
										["ypos:", ["+", ["readVariable", "Centre Screen Y"], ["readVariable", "y"]]],
										["show"]]]],
							[["show"]]],
						["doIfElse",
							["=", ["readVariable", "Smoke Collision?"], "false"],
							[["doIf",
									["not", ["=", ["heading"], ["readVariable", "Target Angle"]]],
									[["doIfElse",
											[">", ["readVariable", "Delta Angle"], "0"],
											[["turnRight:", 15]],
											[["turnLeft:", 15]]]]]],
							[["turnRight:", 15]]]]]]],
		[463, 186, [["whenIReceive", "Show Title"], ["hide"]]],
		[2451,
			10,
			[["whenIReceive", "Initialise Once"],
				["setVar:to:", "Clone Id", 0],
				["comeToFront"],
				["goBackByLayers:", 120],
				["hide"]]],
		[2967,
			10,
			[["procDef", "Emit Smoke", [], [], true],
				["doIf",
					["=", ["readVariable", "Emitting Smoke?"], "true"],
					[["doIf",
							["not",
								["&",
									["=", ["readVariable", "Index X"], ["readVariable", "Last Smoke X"]],
									["=", ["readVariable", "Index Y"], ["readVariable", "Last Smoke Y"]]]],
							[["setVar:to:", "Clone Smoke X", ["-", ["readVariable", "Last Smoke X"], 1]],
								["setVar:to:", "Clone Smoke Y", ["-", ["readVariable", "Last Smoke Y"], 1]],
								["setVar:to:", "Last Smoke X", ["readVariable", "Index X"]],
								["setVar:to:", "Last Smoke Y", ["readVariable", "Index Y"]],
								["createCloneOf", "smoke"],
								["changeVar:by:", "Smoke Counter", -1],
								["doIf", ["=", ["readVariable", "Smoke Counter"], "0"], [["setVar:to:", "Emitting Smoke?", "false"]]]]]]]]],
		[463,
			252,
			[["procDef", "Start Update", [], [], true],
				["setVar:to:", "Can Turn?", "false"],
				["setVar:to:", "Nearest Grid X", ["*", ["rounded", ["\/", ["readVariable", "World X"], 24]], 24]],
				["setVar:to:", "Nearest Grid Y", ["*", ["rounded", ["\/", ["readVariable", "World Y"], 24]], 24]],
				["doIfElse",
					["not", ["=", ["readVariable", "Velocity X"], "0"]],
					[["setVar:to:", "Temp Test", ["-", ["readVariable", "World X"], ["readVariable", "Nearest Grid X"]]],
						["changeVar:by:", "World X", ["*", ["readVariable", "Velocity X"], ["readVariable", "Speed"]]],
						["setVar:to:",
							"Sign Test",
							["*", ["readVariable", "Temp Test"], ["-", ["readVariable", "World X"], ["readVariable", "Nearest Grid X"]]]],
						["doIf",
							["not",
								["|", [">", ["readVariable", "Sign Test"], "0"], ["=", ["readVariable", "Temp Test"], "0"]]],
							[["setVar:to:", "Can Turn?", "true"]]]],
					[["doIf",
							["not", ["=", ["readVariable", "Velocity Y"], "0"]],
							[["setVar:to:", "Temp Test", ["-", ["readVariable", "World Y"], ["readVariable", "Nearest Grid Y"]]],
								["changeVar:by:", "World Y", ["*", ["readVariable", "Velocity Y"], ["readVariable", "Speed"]]],
								["setVar:to:",
									"Sign Test",
									["*", ["readVariable", "Temp Test"], ["-", ["readVariable", "World Y"], ["readVariable", "Nearest Grid Y"]]]],
								["doIf",
									["not",
										["|", [">", ["readVariable", "Sign Test"], "0"], ["=", ["readVariable", "Temp Test"], "0"]]],
									[["setVar:to:", "Can Turn?", "true"]]]]]]],
				["setVar:to:", "New Velocity X", ["readVariable", "Velocity X"]],
				["setVar:to:", "New Velocity Y", ["readVariable", "Velocity Y"]],
				["setVar:to:", "Index X", ["+", ["rounded", ["\/", ["readVariable", "World X"], 24]], 1]],
				["setVar:to:", "Index Y", ["+", ["rounded", ["\/", ["readVariable", "World Y"], 24]], 1]],
				["setVar:to:",
					"Local Index",
					["+",
						["readVariable", "Index X"],
						["*", ["-", ["readVariable", "Index Y"], 1], ["readVariable", "Global Map Width"]]]],
				["setVar:to:",
					"Local Road Right?",
					["=", ["getLine:ofList:", ["+", ["readVariable", "Local Index"], 1], "Global Map Data"], "1"]],
				["setVar:to:",
					"Local Road Left?",
					["=", ["getLine:ofList:", ["-", ["readVariable", "Local Index"], 1], "Global Map Data"], "1"]],
				["setVar:to:",
					"Local Road Below?",
					["=", ["getLine:ofList:", ["+", ["readVariable", "Local Index"], ["readVariable", "Global Map Width"]], "Global Map Data"], "1"]],
				["setVar:to:",
					"Local Road Above?",
					["=", ["getLine:ofList:", ["-", ["readVariable", "Local Index"], ["readVariable", "Global Map Width"]], "Global Map Data"], "1"]]]],
		[2451,
			142,
			[["procDef", "Player Control", [], [], true],
				["doIf",
					["=", ["readVariable", "Can Turn?"], "true"],
					[["doIfElse",
							["&", ["=", ["readVariable", "Local Road Above?"], "true"], ["keyPressed:", "up arrow"]],
							[["setVar:to:", "New Velocity X", 0], ["setVar:to:", "New Velocity Y", "-1"]],
							[["doIfElse",
									["&", ["=", ["readVariable", "Local Road Right?"], "true"], ["keyPressed:", "right arrow"]],
									[["setVar:to:", "New Velocity X", "1"], ["setVar:to:", "New Velocity Y", "0"]],
									[["doIfElse",
											["&", ["=", ["readVariable", "Local Road Below?"], "true"], ["keyPressed:", "down arrow"]],
											[["setVar:to:", "New Velocity X", 0], ["setVar:to:", "New Velocity Y", "1"]],
											[["doIf",
													["&", ["=", ["readVariable", "Local Road Left?"], "true"], ["keyPressed:", "left arrow"]],
													[["setVar:to:", "New Velocity X", "-1"], ["setVar:to:", "New Velocity Y", "0"]]]]]]]]],
						["doIfElse",
							["not", ["=", ["readVariable", "New Velocity X"], "0"]],
							[["setVar:to:", "World Y", ["readVariable", "Nearest Grid Y"]]],
							[["setVar:to:", "World X", ["readVariable", "Nearest Grid X"]]]],
						["doIf",
							["=", ["readVariable", "Emitting Smoke?"], "false"],
							[["doIf",
									["&", ["keyPressed:", "space"], ["not", ["<", ["readVariable", "Fuel"], "50"]]],
									[["changeVar:by:", "Fuel", -50],
										["setVar:to:", "Emitting Smoke?", "true"],
										["setVar:to:", "Smoke Counter", "3"],
										["setVar:to:", "Last Smoke X", ["readVariable", "Index X"]],
										["setVar:to:", "Last Smoke Y", ["readVariable", "Index Y"]]]]]]]]]],
		[2967,
			402,
			[["procDef", "Enemy Control", [], [], true],
				["doIf",
					["=", ["readVariable", "Can Turn?"], "true"],
					[["setVar:to:", "Temp Distance", "0"],
						["setVar:to:", "Temp Velocity X", ["readVariable", "New Velocity X"]],
						["setVar:to:", "Temp Velocity Y", ["readVariable", "New Velocity Y"]],
						["doIf",
							["&",
								["&",
									["=", ["readVariable", "Local Road Above?"], "true"],
									["<", ["readVariable", "Player World Y"], ["readVariable", "World Y"]]],
								["not", ["=", ["readVariable", "New Velocity Y"], "1"]]],
							[["setVar:to:", "Temp Velocity X", 0],
								["setVar:to:", "Temp Velocity Y", "-1"],
								["setVar:to:", "Temp Distance", ["-", ["readVariable", "World Y"], ["readVariable", "Player World Y"]]]]],
						["doIf",
							["&",
								["&",
									["=", ["readVariable", "Local Road Right?"], "true"],
									[">", ["-", ["readVariable", "Player World X"], ["readVariable", "World X"]], ["readVariable", "Temp Distance"]]],
								["not", ["=", ["readVariable", "New Velocity X"], "-1"]]],
							[["setVar:to:", "Temp Velocity X", "1"],
								["setVar:to:", "Temp Velocity Y", "0"],
								["setVar:to:", "Temp Distance", ["-", ["readVariable", "Player World X"], ["readVariable", "World X"]]]]],
						["doIf",
							["&",
								["&",
									["=", ["readVariable", "Local Road Below?"], "true"],
									[">", ["-", ["readVariable", "Player World Y"], ["readVariable", "World Y"]], ["readVariable", "Temp Distance"]]],
								["not", ["=", ["readVariable", "New Velocity Y"], "-1"]]],
							[["setVar:to:", "Temp Velocity X", 0],
								["setVar:to:", "Temp Velocity Y", "1"],
								["setVar:to:", "Temp Distance", ["-", ["readVariable", "Player World Y"], ["readVariable", "World Y"]]]]],
						["doIf",
							["&",
								["&",
									["=", ["readVariable", "Local Road Left?"], "true"],
									[">", ["-", ["readVariable", "World X"], ["readVariable", "Player World X"]], ["readVariable", "Temp Distance"]]],
								["not", ["=", ["readVariable", "New Velocity X"], "1"]]],
							[["setVar:to:", "Temp Velocity X", "-1"], ["setVar:to:", "Temp Velocity Y", "0"]]],
						["doIf",
							["not", ["=", ["readVariable", "New Velocity X"], ["readVariable", "Temp Velocity X"]]],
							[["setVar:to:", "World Y", ["readVariable", "Nearest Grid Y"]]]],
						["doIf",
							["not", ["=", ["readVariable", "New Velocity Y"], ["readVariable", "Temp Velocity Y"]]],
							[["setVar:to:", "World X", ["readVariable", "Nearest Grid X"]]]],
						["setVar:to:", "New Velocity X", ["readVariable", "Temp Velocity X"]],
						["setVar:to:", "New Velocity Y", ["readVariable", "Temp Velocity Y"]]]]]],
		[3822,
			674,
			[["procDef", "Avoid Walls", [], [], true],
				["doIf",
					["=", ["readVariable", "Can Turn?"], "true"],
					[["doIf",
							["not",
								["=",
									["getLine:ofList:",
										["+",
											["+", ["readVariable", "Local Index"], ["readVariable", "New Velocity X"]],
											["*", ["readVariable", "New Velocity Y"], ["readVariable", "Global Map Width"]]],
										"Global Map Data"],
									"1"]],
							[["doIfElse",
									["=", ["readVariable", "Velocity Y"], "-1"],
									[["setVar:to:", "New Velocity Y", "0"],
										["doIfElse",
											["=", ["readVariable", "Local Road Right?"], "true"],
											[["setVar:to:", "New Velocity X", "1"]],
											[["doIfElse",
													["=", ["readVariable", "Local Road Left?"], "true"],
													[["setVar:to:", "New Velocity X", "-1"]],
													[["setVar:to:", "New Velocity Y", "1"]]]]]],
									[["doIfElse",
											["=", ["readVariable", "Velocity X"], "1"],
											[["setVar:to:", "New Velocity X", 0],
												["doIfElse",
													["=", ["readVariable", "Local Road Below?"], "true"],
													[["setVar:to:", "New Velocity Y", "1"]],
													[["doIfElse",
															["=", ["readVariable", "Local Road Above?"], "true"],
															[["setVar:to:", "New Velocity Y", "-1"]],
															[["setVar:to:", "New Velocity X", "-1"]]]]]],
											[["doIfElse",
													["=", ["readVariable", "Velocity Y"], "1"],
													[["setVar:to:", "New Velocity Y", 0],
														["doIfElse",
															["=", ["readVariable", "Local Road Left?"], "true"],
															[["setVar:to:", "New Velocity X", "-1"]],
															[["doIfElse",
																	["=", ["readVariable", "Local Road Right?"], "true"],
																	[["setVar:to:", "New Velocity X", "1"]],
																	[["setVar:to:", "New Velocity Y", "-1"]]]]]],
													[["setVar:to:", "New Velocity X", 0],
														["doIfElse",
															["=", ["readVariable", "Local Road Above?"], "true"],
															[["setVar:to:", "New Velocity Y", "-1"]],
															[["doIfElse",
																	["=", ["readVariable", "Local Road Below?"], "true"],
																	[["setVar:to:", "New Velocity Y", "1"]],
																	[["setVar:to:", "New Velocity X", "1"]]]]]]]]]]],
								["doIfElse",
									["=", ["readVariable", "New Velocity X"], "0"],
									[["setVar:to:", "World X", ["readVariable", "Nearest Grid X"]]],
									[["setVar:to:", "World Y", ["readVariable", "Nearest Grid Y"]]]]]]]]]],
		[1050,
			10,
			[["procDef", "Avoid Rocks", [], [], true],
				["setVar:to:", "Local Rock Collision?", "false"],
				["setVar:to:", "Local Generic Index", "1"],
				["doRepeat",
					["readVariable", "Global Num Rocks"],
					[["setVar:to:", "Delta X", ["-", ["getLine:ofList:", ["readVariable", "Local Generic Index"], "Global Boulder World X"], ["readVariable", "World X"]]],
						["setVar:to:", "Delta Y", ["-", ["getLine:ofList:", ["readVariable", "Local Generic Index"], "Global Boulder World Y"], ["readVariable", "World Y"]]],
						["doIf",
							["<",
								["+",
									["*", ["readVariable", "Delta X"], ["readVariable", "Delta X"]],
									["*", ["readVariable", "Delta Y"], ["readVariable", "Delta Y"]]],
								"256"],
							[["setVar:to:", "Local Rock Collision?", "true"]]],
						["changeVar:by:", "Local Generic Index", 1]]],
				["doIf",
					["=", ["readVariable", "Local Rock Collision?"], "true"],
					[["setVar:to:", "New Velocity X", ["-", 0, ["readVariable", "Velocity X"]]],
						["setVar:to:", "New Velocity Y", ["-", 0, ["readVariable", "Velocity Y"]]],
						["changeVar:by:", "World X", ["*", ["readVariable", "New Velocity X"], ["readVariable", "Speed"]]],
						["changeVar:by:", "World Y", ["*", ["readVariable", "New Velocity Y"], ["readVariable", "Speed"]]]]]]],
		[463,
			10,
			[["whenIReceive", "Initialise Life"],
				["doIfElse",
					[">", ["readVariable", "Clone Id"], "0"],
					[["deleteClone"]],
					[["deleteLine:ofList:", "all", "Car World X"], ["deleteLine:ofList:", "all", "Car World Y"]]]]]],
	"sounds": [{
			"soundName": "empty-warning-sound",
			"soundID": 0,
			"md5": "d7c0c4647bea7259532ab56b9bbd5b7e.wav",
			"sampleCount": 44352,
			"rate": 22050,
			"format": "adpcm"
		}],
	"costumes": [{
			"costumeName": "car",
			"baseLayerID": 0,
			"baseLayerMD5": "2ce033b933850c553cae8b0a3311c91e.svg",
			"bitmapResolution": 1,
			"rotationCenterX": 8,
			"rotationCenterY": 7
		},
		{
			"costumeName": "enemy",
			"baseLayerID": 1,
			"baseLayerMD5": "acf168ac9c3859d9cdd35737af1b4761.svg",
			"bitmapResolution": 1,
			"rotationCenterX": 8,
			"rotationCenterY": 7
		}],
	"currentCostumeIndex": 1,
	"scratchX": 0,
	"scratchY": 0,
	"scale": 1,
	"direction": 180,
	"rotationStyle": "normal",
	"isDraggable": false,
	"indexInLibrary": 100000,
	"visible": true,
	"spriteInfo": {
	}
}