{
	"objName": "flag",
	"variables": [{
			"name": "Clone Id",
			"value": 0,
			"isPersistent": false
		},
		{
			"name": "Grid X",
			"value": 0,
			"isPersistent": false
		},
		{
			"name": "Grid Y",
			"value": 0,
			"isPersistent": false
		},
		{
			"name": "Good Flag Position?",
			"value": 0,
			"isPersistent": false
		},
		{
			"name": "Flag Index",
			"value": 0,
			"isPersistent": false
		},
		{
			"name": "World X",
			"value": 0,
			"isPersistent": false
		},
		{
			"name": "World Y",
			"value": 0,
			"isPersistent": false
		},
		{
			"name": "Delta X",
			"value": 480,
			"isPersistent": false
		},
		{
			"name": "Delta Y",
			"value": 1296,
			"isPersistent": false
		},
		{
			"name": "Display Time",
			"value": 0,
			"isPersistent": false
		},
		{
			"name": "Display Score?",
			"value": "false",
			"isPersistent": false
		},
		{
			"name": "y",
			"value": 0,
			"isPersistent": false
		},
		{
			"name": "x",
			"value": 0,
			"isPersistent": false
		},
		{
			"name": "Flag Timer",
			"value": 0,
			"isPersistent": false
		},
		{
			"name": "Flag Showing?",
			"value": 0,
			"isPersistent": false
		},
		{
			"name": "Is Clone?",
			"value": 0,
			"isPersistent": false
		}],
	"lists": [{
			"listName": "Score Table",
			"contents": ["100",
				"200",
				"300",
				"400",
				"500",
				"600",
				"700",
				"800",
				"900",
				"1000",
				"200",
				"400",
				"600",
				"800",
				"1000",
				"1200",
				"1400",
				"1600",
				"1800",
				"2000"],
			"isPersistent": false,
			"x": 0,
			"y": 0,
			"width": 102,
			"height": 202,
			"visible": false
		}],
	"scripts": [[1116,
			10,
			[["whenIReceive", "Initialise Once"],
				["setVar:to:", "Clone Id", 0],
				["setVar:to:", "Display Score?", "false"],
				["deleteLine:ofList:", "all", "Flag World X"],
				["deleteLine:ofList:", "all", "Flag World Y"],
				["hide"]]],
		[1116,
			164,
			[["whenCloned"],
				["setVar:to:", "Clone Id", ["readVariable", "Clone Count Id"]],
				["changeVar:by:", "Clone Count Id", 1],
				["doIfElse",
					["=", ["readVariable", "Clone Id"], "1"],
					[["lookLike:", "special flag"]],
					[["doIfElse",
							["=", ["readVariable", "Clone Id"], "2"],
							[["lookLike:", "lucky flag"]],
							[["lookLike:", "flag"]]]]],
				["setVar:to:", "Good Flag Position?", "false"],
				["doUntil",
					["=", ["readVariable", "Good Flag Position?"], "true"],
					[["setVar:to:", "Grid X", ["randomFrom:to:", 1, ["readVariable", "Global Map Width"]]],
						["setVar:to:", "Grid Y", ["randomFrom:to:", 1, ["readVariable", "Global Map Height"]]],
						["setVar:to:", "Good Flag Position?", "true"],
						["setVar:to:", "Flag Index", "1"],
						["setVar:to:", "World X", ["*", ["-", ["readVariable", "Grid X"], 1], 24]],
						["setVar:to:", "World Y", ["*", ["-", ["readVariable", "Grid Y"], 1], 24]],
						["doRepeat",
							["readVariable", "Global Num Cars"],
							[["doIf",
									["&",
										["=", ["readVariable", "Grid X"], ["getLine:ofList:", ["readVariable", "Flag Index"], "Car Start X"]],
										["=", ["readVariable", "Grid Y"], ["getLine:ofList:", ["readVariable", "Flag Index"], "Car Start Y"]]],
									[["setVar:to:", "Good Flag Position?", "false"]]],
								["changeVar:by:", "Flag Index", 1]]],
						["doIf",
							["=", ["readVariable", "Good Flag Position?"], "true"],
							[["setVar:to:", "Good Flag Position?", "false"],
								["doIf",
									["=",
										["getLine:ofList:",
											["+",
												["readVariable", "Grid X"],
												["*", ["-", ["readVariable", "Grid Y"], 1], ["readVariable", "Global Map Width"]]],
											"Global Map Data"],
										"1"],
									[["setVar:to:", "Good Flag Position?", "true"],
										["setVar:to:", "Flag Index", "1"],
										["doRepeat",
											["lineCountOfList:", "Flag World X"],
											[["doIf",
													["&",
														["=", ["getLine:ofList:", ["readVariable", "Flag Index"], "Flag World X"], ["readVariable", "World X"]],
														["=", ["getLine:ofList:", ["readVariable", "Flag Index"], "Flag World Y"], ["readVariable", "World Y"]]],
													[["setVar:to:", "Good Flag Position?", "false"]]],
												["changeVar:by:", "Flag Index", 1]]]]]]]]],
				["setLine:ofList:to:", ["readVariable", "Clone Id"], "Flag World X", ["readVariable", "World X"]],
				["setLine:ofList:to:", ["readVariable", "Clone Id"], "Flag World Y", ["readVariable", "World Y"]],
				["setVar:to:", "Global Cloning Flag?", "false"]]],
		[458,
			10,
			[["whenIReceive", "Initialise Level"],
				["doIfElse",
					[">", ["readVariable", "Clone Id"], "0"],
					[["deleteClone"]],
					[["deleteLine:ofList:", "all", "Flag World X"], ["deleteLine:ofList:", "all", "Flag World Y"]]]]],
		[10,
			10,
			[["whenIReceive", "Update Game"],
				["doIf",
					[">", ["readVariable", "Clone Id"], "0"],
					[["setVar:to:", "x", ["-", ["readVariable", "World X"], ["readVariable", "Player World X"]]],
						["setVar:to:", "y", ["-", ["readVariable", "Player World Y"], ["readVariable", "World Y"]]]]],
				["doIfElse",
					["=", ["readVariable", "Display Score?"], "false"],
					[["setVar:to:", "Delta X", ["-", ["readVariable", "Player World X"], ["readVariable", "World X"]]],
						["setVar:to:", "Delta Y", ["-", ["readVariable", "Player World Y"], ["readVariable", "World Y"]]],
						["doIf",
							["<",
								["+",
									["*", ["readVariable", "Delta X"], ["readVariable", "Delta X"]],
									["*", ["readVariable", "Delta Y"], ["readVariable", "Delta Y"]]],
								"256"],
							[["doIfElse",
									["=", ["costumeIndex"], "3"],
									[["playSound:", "special-flag-get"], ["setVar:to:", "Double Flag Score?", "true"]],
									[["doIfElse",
											["&", ["=", ["costumeIndex"], "2"], [">", ["readVariable", "Flag Count"], "1"]],
											[["setVar:to:", "Lucky Flag Bonus?", "true"],
												["setVar:to:", "Global Lucky Flag Fuel Amount", ["readVariable", "Fuel"]],
												["setVar:to:", "Sound Effect", "fuel-bonus-sound"],
												["createCloneOf", "Sound Manager"]],
											[["playSound:", "normal-flag-get"]]]]],
								["doIfElse",
									["=", ["readVariable", "Double Flag Score?"], "false"],
									[["lookLike:", ["+", 3, ["readVariable", "Flag Score"]]],
										["setVar:to:", "Score Delta", ["getLine:ofList:", ["readVariable", "Flag Score"], "Score Table"]]],
									[["lookLike:", ["+", 13, ["readVariable", "Flag Score"]]],
										["setVar:to:", "Score Delta", ["*", ["getLine:ofList:", ["readVariable", "Flag Score"], "Score Table"], 2]]]],
								["broadcast:", "Update Score"],
								["changeVar:by:", "Flag Count", -1],
								["changeVar:by:", "Flag Score", 1],
								["setVar:to:", "Display Time", ["+", ["timer"], 1]],
								["setVar:to:", "Display Score?", "true"],
								["setLine:ofList:to:", ["readVariable", "Clone Id"], "Flag World X", "-1"]]]],
					[["doIf", [">", ["timer"], ["readVariable", "Display Time"]], [["deleteClone"]]]]]]],
		[458,
			459,
			[["whenIReceive", "Initialise Title Page"],
				["doIf", [">", ["readVariable", "Clone Id"], "0"], [["deleteClone"]]]]],
		[458,
			186,
			[["whenIReceive", "Render Game"],
				["doIf",
					[">", ["readVariable", "Clone Id"], "0"],
					[["doIfElse",
							["|",
								["<", ["readVariable", "y"], ["*", -6, 24]],
								["|",
									[">", ["readVariable", "y"], ["*", 6, 24]],
									["|",
										["<", ["readVariable", "x"], ["*", -6, 24]],
										[">", ["readVariable", "x"], ["*", 6, 24]]]]],
							[["hide"]],
							[["xpos:", ["+", ["readVariable", "Centre Screen X"], ["readVariable", "x"]]],
								["ypos:", ["+", ["readVariable", "Centre Screen Y"], ["readVariable", "y"]]],
								["show"]]]]]]],
		[458,
			573,
			[["whenIReceive", "Initialise Challenging Stage"],
				["doIf", [">", ["readVariable", "Clone Id"], "0"], [["hide"]]]]],
		[458,
			685,
			[["whenIReceive", "Initialise Life"],
				["doIf", [">", ["readVariable", "Clone Id"], "0"], [["hide"]]]]],
		[458,
			797,
			[["whenIReceive", "Clone Flag"],
				["doIf",
					["=", ["readVariable", "Clone Id"], "0"],
					[["setVar:to:", "Global Cloning Flag?", "true"],
						["createCloneOf", "_myself_"],
						["doWaitUntil", ["=", ["readVariable", "Global Cloning Flag?"], "false"]]]]]]],
	"sounds": [{
			"soundName": "normal-flag-get",
			"soundID": 0,
			"md5": "7ee062244f6984b718029be8f92b5dde.wav",
			"sampleCount": 44928,
			"rate": 22050,
			"format": "adpcm"
		},
		{
			"soundName": "special-flag-get",
			"soundID": 1,
			"md5": "b1e5ba6e6256cc7e2d5c6d0d2517202f.wav",
			"sampleCount": 45765,
			"rate": 22050,
			"format": "adpcm"
		}],
	"costumes": [{
			"costumeName": "flag",
			"baseLayerID": 0,
			"baseLayerMD5": "ea280cc55dac962b45acc15a24693f07.png",
			"bitmapResolution": 2,
			"rotationCenterX": 2,
			"rotationCenterY": 10
		},
		{
			"costumeName": "lucky flag",
			"baseLayerID": 1,
			"baseLayerMD5": "19725e0c2fe8689d05d1839f6e79b7db.png",
			"bitmapResolution": 2,
			"rotationCenterX": 14,
			"rotationCenterY": 10
		},
		{
			"costumeName": "special flag",
			"baseLayerID": 2,
			"baseLayerMD5": "9f037727aa6f27b5b76c362b99404f83.png",
			"bitmapResolution": 2,
			"rotationCenterX": 14,
			"rotationCenterY": 10
		},
		{
			"costumeName": "100",
			"baseLayerID": 3,
			"baseLayerMD5": "11b9c1b38ace3446d6e003adc8ec5ba1.png",
			"bitmapResolution": 2,
			"rotationCenterX": 16,
			"rotationCenterY": 6
		},
		{
			"costumeName": "200",
			"baseLayerID": 4,
			"baseLayerMD5": "446fa116e215c2327ad4a9e7a0ecd22f.png",
			"bitmapResolution": 2,
			"rotationCenterX": 18,
			"rotationCenterY": 6
		},
		{
			"costumeName": "300",
			"baseLayerID": 5,
			"baseLayerMD5": "74cf55ff5ded434a7b45e989bc50124e.png",
			"bitmapResolution": 2,
			"rotationCenterX": 18,
			"rotationCenterY": 6
		},
		{
			"costumeName": "400",
			"baseLayerID": 6,
			"baseLayerMD5": "8d9dc22e80400b41f58d7729ef53a10b.png",
			"bitmapResolution": 2,
			"rotationCenterX": 18,
			"rotationCenterY": 6
		},
		{
			"costumeName": "500",
			"baseLayerID": 7,
			"baseLayerMD5": "df514f88ab736079cc945d5f2ff9bc87.png",
			"bitmapResolution": 2,
			"rotationCenterX": 18,
			"rotationCenterY": 6
		},
		{
			"costumeName": "600",
			"baseLayerID": 8,
			"baseLayerMD5": "a6491b7baaf4cbc488d7222cfea44765.png",
			"bitmapResolution": 2,
			"rotationCenterX": 18,
			"rotationCenterY": 6
		},
		{
			"costumeName": "700",
			"baseLayerID": 9,
			"baseLayerMD5": "49ba7f8b4270bd45ccaf8f8bd22968a8.png",
			"bitmapResolution": 2,
			"rotationCenterX": 18,
			"rotationCenterY": 6
		},
		{
			"costumeName": "800",
			"baseLayerID": 10,
			"baseLayerMD5": "de0181c26953a6877a16bca335991595.png",
			"bitmapResolution": 2,
			"rotationCenterX": 18,
			"rotationCenterY": 6
		},
		{
			"costumeName": "900",
			"baseLayerID": 11,
			"baseLayerMD5": "909178cabed95f3e9f474b6c4ccb5f5f.png",
			"bitmapResolution": 2,
			"rotationCenterX": 18,
			"rotationCenterY": 6
		},
		{
			"costumeName": "1000",
			"baseLayerID": 12,
			"baseLayerMD5": "54f918663bd22ae94ab09466c1ae0632.png",
			"bitmapResolution": 2,
			"rotationCenterX": 16,
			"rotationCenterY": 6
		},
		{
			"costumeName": "100x2",
			"baseLayerID": 13,
			"baseLayerMD5": "d54da906cd8658cc4e0c634a44a1fdfc.png",
			"bitmapResolution": 2,
			"rotationCenterX": 22,
			"rotationCenterY": 6
		},
		{
			"costumeName": "200x2",
			"baseLayerID": 14,
			"baseLayerMD5": "41b72a1dc2c828374d97a1b2e7ce1a7c.png",
			"bitmapResolution": 2,
			"rotationCenterX": 26,
			"rotationCenterY": 8
		},
		{
			"costumeName": "300x2",
			"baseLayerID": 15,
			"baseLayerMD5": "7197a9702c68015770d1db7de35cfa56.png",
			"bitmapResolution": 2,
			"rotationCenterX": 24,
			"rotationCenterY": 6
		},
		{
			"costumeName": "400x2",
			"baseLayerID": 16,
			"baseLayerMD5": "d11fbdbddd24888e67867b3156e4623d.png",
			"bitmapResolution": 2,
			"rotationCenterX": 26,
			"rotationCenterY": 6
		},
		{
			"costumeName": "500x2",
			"baseLayerID": 17,
			"baseLayerMD5": "ed5fd6980bdc6a4e341ff6b927cfd1ed.png",
			"bitmapResolution": 2,
			"rotationCenterX": 26,
			"rotationCenterY": 6
		},
		{
			"costumeName": "600x2",
			"baseLayerID": 18,
			"baseLayerMD5": "30c8f3323aa6b1f1d4758318da3ba853.png",
			"bitmapResolution": 2,
			"rotationCenterX": 24,
			"rotationCenterY": 6
		},
		{
			"costumeName": "700x2",
			"baseLayerID": 19,
			"baseLayerMD5": "0fbb552efa9c6298920ede0a5a64639f.png",
			"bitmapResolution": 2,
			"rotationCenterX": 26,
			"rotationCenterY": 6
		},
		{
			"costumeName": "800x2",
			"baseLayerID": 20,
			"baseLayerMD5": "09e49e3307f1f0200d4e5e8e7ea1505d.png",
			"bitmapResolution": 2,
			"rotationCenterX": 24,
			"rotationCenterY": 6
		},
		{
			"costumeName": "900x2",
			"baseLayerID": 21,
			"baseLayerMD5": "d79e81cd86cf46a388fb8afd7d94c4c2.png",
			"bitmapResolution": 2,
			"rotationCenterX": 24,
			"rotationCenterY": 8
		},
		{
			"costumeName": "1000x2",
			"baseLayerID": 22,
			"baseLayerMD5": "01d8a165b669ae34d409f50afd33fadb.png",
			"bitmapResolution": 2,
			"rotationCenterX": 28,
			"rotationCenterY": 10
		}],
	"currentCostumeIndex": 0,
	"scratchX": 0,
	"scratchY": 0,
	"scale": 1,
	"direction": 90,
	"rotationStyle": "normal",
	"isDraggable": false,
	"indexInLibrary": 100000,
	"visible": true,
	"spriteInfo": {
	}
}