{
	"objName": "New Tile",
	"variables": [{
			"name": "World X",
			"value": 864,
			"isPersistent": false
		},
		{
			"name": "World Y",
			"value": 480,
			"isPersistent": false
		},
		{
			"name": "tile",
			"value": 83,
			"isPersistent": false
		},
		{
			"name": "Index X",
			"value": 37,
			"isPersistent": false
		},
		{
			"name": "Index Y",
			"value": 21,
			"isPersistent": false
		},
		{
			"name": "Tile Type",
			"value": "2",
			"isPersistent": false
		},
		{
			"name": "Left Tile",
			"value": "0",
			"isPersistent": false
		},
		{
			"name": "Right Tile",
			"value": "1",
			"isPersistent": false
		},
		{
			"name": "Up Tile",
			"value": "2",
			"isPersistent": false
		},
		{
			"name": "Down Tile",
			"value": "0",
			"isPersistent": false
		},
		{
			"name": "x",
			"value": 72,
			"isPersistent": false
		},
		{
			"name": "y",
			"value": -84,
			"isPersistent": false
		},
		{
			"name": "Is Clone?",
			"value": "false",
			"isPersistent": false
		},
		{
			"name": "Local New Tile Name",
			"value": 0,
			"isPersistent": false
		}],
	"scripts": [[10,
			10,
			[["whenIReceive", "Render Game"],
				["doIf",
					["=", ["readVariable", "Is Clone?"], "true"],
					[["setVar:to:", "x", ["-", ["readVariable", "World X"], ["readVariable", "Player World X"]]],
						["setVar:to:", "y", ["-", ["readVariable", "Player World Y"], ["readVariable", "World Y"]]],
						["doIfElse",
							["<", ["readVariable", "y"], "-144"],
							[["changeVar:by:", "World Y", -288], ["call", "Set Tile Costume"]],
							[["doIf",
									[">", ["readVariable", "y"], "144"],
									[["changeVar:by:", "World Y", 288], ["call", "Set Tile Costume"]]]]],
						["doIfElse",
							["<", ["readVariable", "x"], "-144"],
							[["changeVar:by:", "World X", 288], ["call", "Set Tile Costume"]],
							[["doIf",
									[">", ["readVariable", "x"], "144"],
									[["changeVar:by:", "World X", -288], ["call", "Set Tile Costume"]]]]],
						["setVar:to:", "x", ["-", ["readVariable", "World X"], ["readVariable", "Player World X"]]],
						["setVar:to:", "y", ["-", ["readVariable", "Player World Y"], ["readVariable", "World Y"]]],
						["gotoX:y:",
							["+", ["readVariable", "Centre Screen X"], ["readVariable", "x"]],
							["+", ["readVariable", "Centre Screen Y"], ["readVariable", "y"]]]]]]],
		[681,
			10,
			[["whenIReceive", "Initialise Title Page"],
				["doIf", ["=", ["readVariable", "Is Clone?"], "true"], [["deleteClone"]]]]],
		[681,
			124,
			[["whenCloned"],
				["setVar:to:", "World X", ["*", ["readVariable", "Init Tile X"], 24]],
				["setVar:to:", "World Y", ["*", ["readVariable", "Init Tile Y"], 24]],
				["call", "Set Tile Costume"],
				["setSizeTo:", 103],
				["setVar:to:", "Is Clone?", "true"],
				["hide"]]],
		[427,
			238,
			[["whenIReceive", "Initialise Once"], ["setVar:to:", "Is Clone?", "false"], ["hide"], ["goBackByLayers:", 100]]],
		[427,
			348,
			[["whenIReceive", "Show Game Sprites"],
				["doIf", ["=", ["readVariable", "Is Clone?"], "true"], [["show"]]]]],
		[681,
			316,
			[["procDef", "Set Tile Costume", [], [], true],
				["setVar:to:",
					"Local New Tile Name",
					["getLine:ofList:",
						["+",
							["+", 1, ["rounded", ["\/", ["readVariable", "World X"], 24]]],
							["*", ["rounded", ["\/", ["readVariable", "World Y"], 24]], ["readVariable", "Global Map Width"]]],
						"Global Map Data"]],
				["doIf",
					["not", ["=", ["readVariable", "Local New Tile Name"], ["costumeIndex"]]],
					[["lookLike:", ["readVariable", "Local New Tile Name"]]]]]],
		[427,
			10,
			[["whenIReceive", "Initialise Life"],
				["doIf", ["=", ["readVariable", "Is Clone?"], "true"], [["deleteClone"]]]]],
		[427,
			124,
			[["whenIReceive", "Initialise Challenging Stage"],
				["doIf", ["=", ["readVariable", "Is Clone?"], "true"], [["deleteClone"]]]]]],
	"costumes": [{
			"costumeName": "Road",
			"baseLayerID": 0,
			"baseLayerMD5": "27cf185b92b93c177d912eb046914cec.png",
			"bitmapResolution": 2,
			"rotationCenterX": 24,
			"rotationCenterY": 24
		},
		{
			"costumeName": "Tree",
			"baseLayerID": 1,
			"baseLayerMD5": "377419a9aa3815ee58da840b7b9e3b14.png",
			"bitmapResolution": 2,
			"rotationCenterX": 24,
			"rotationCenterY": 24
		},
		{
			"costumeName": "a",
			"baseLayerID": 2,
			"baseLayerMD5": "ea6f2e6525d1feca9f8258e1c5938a1f.png",
			"bitmapResolution": 2,
			"rotationCenterX": 24,
			"rotationCenterY": 24
		},
		{
			"costumeName": "b",
			"baseLayerID": 3,
			"baseLayerMD5": "0ffb915ce3dfaee6d03710b5824affc6.png",
			"bitmapResolution": 2,
			"rotationCenterX": 24,
			"rotationCenterY": 24
		},
		{
			"costumeName": "c",
			"baseLayerID": 4,
			"baseLayerMD5": "cfac7b7d92a05232b2f1499990c65c5d.png",
			"bitmapResolution": 2,
			"rotationCenterX": 24,
			"rotationCenterY": 24
		},
		{
			"costumeName": "d",
			"baseLayerID": 5,
			"baseLayerMD5": "eba635ff64d97fd200022d02e9f59ede.png",
			"bitmapResolution": 2,
			"rotationCenterX": 24,
			"rotationCenterY": 24
		},
		{
			"costumeName": "e",
			"baseLayerID": 6,
			"baseLayerMD5": "922845ea8729d24e4ef8637725def1ac.png",
			"bitmapResolution": 2,
			"rotationCenterX": 24,
			"rotationCenterY": 24
		},
		{
			"costumeName": "f",
			"baseLayerID": 7,
			"baseLayerMD5": "5bb271a3d4c07172fab7d8fc8f270511.png",
			"bitmapResolution": 2,
			"rotationCenterX": 24,
			"rotationCenterY": 24
		},
		{
			"costumeName": "h",
			"baseLayerID": 8,
			"baseLayerMD5": "9a5bb50ffe039eb79292abcb804a988b.png",
			"bitmapResolution": 2,
			"rotationCenterX": 24,
			"rotationCenterY": 24
		},
		{
			"costumeName": "i",
			"baseLayerID": 9,
			"baseLayerMD5": "327b2fea1c7e1ba1754d5bb0c055748b.png",
			"bitmapResolution": 2,
			"rotationCenterX": 24,
			"rotationCenterY": 24
		},
		{
			"costumeName": "j",
			"baseLayerID": 10,
			"baseLayerMD5": "ca0d9a05f3a11f35f2ccdc78670b48fd.png",
			"bitmapResolution": 2,
			"rotationCenterX": 24,
			"rotationCenterY": 24
		},
		{
			"costumeName": "k",
			"baseLayerID": 11,
			"baseLayerMD5": "04897068cb335f5a02b749ab1a3b0190.png",
			"bitmapResolution": 2,
			"rotationCenterX": 24,
			"rotationCenterY": 24
		},
		{
			"costumeName": "l",
			"baseLayerID": 12,
			"baseLayerMD5": "fdfed1cd90b230a482a9908ca6286a1b.png",
			"bitmapResolution": 2,
			"rotationCenterX": 24,
			"rotationCenterY": 24
		},
		{
			"costumeName": "m",
			"baseLayerID": 13,
			"baseLayerMD5": "a34e131a46f3afa6177646c02da037e4.png",
			"bitmapResolution": 2,
			"rotationCenterX": 24,
			"rotationCenterY": 24
		},
		{
			"costumeName": "n",
			"baseLayerID": 14,
			"baseLayerMD5": "ef5fe3fede9b80ce979af7648c491d35.png",
			"bitmapResolution": 2,
			"rotationCenterX": 24,
			"rotationCenterY": 24
		},
		{
			"costumeName": "o",
			"baseLayerID": 15,
			"baseLayerMD5": "9a44c872f1c46d7be4f5a22cebe0c752.png",
			"bitmapResolution": 2,
			"rotationCenterX": 24,
			"rotationCenterY": 24
		},
		{
			"costumeName": "p",
			"baseLayerID": 16,
			"baseLayerMD5": "e6822e465804797f83fbb47f71088bf3.png",
			"bitmapResolution": 2,
			"rotationCenterX": 24,
			"rotationCenterY": 24
		},
		{
			"costumeName": "q",
			"baseLayerID": 17,
			"baseLayerMD5": "66f2175a5d52f61df94adfe87f249aed.png",
			"bitmapResolution": 2,
			"rotationCenterX": 24,
			"rotationCenterY": 24
		},
		{
			"costumeName": "r",
			"baseLayerID": 18,
			"baseLayerMD5": "73dff76ac19f4b6e3a1cdd85347b4e1a.png",
			"bitmapResolution": 2,
			"rotationCenterX": 24,
			"rotationCenterY": 24
		},
		{
			"costumeName": "s",
			"baseLayerID": 19,
			"baseLayerMD5": "ce07210459a28cab7be798d0b9c127bf.png",
			"bitmapResolution": 2,
			"rotationCenterX": 24,
			"rotationCenterY": 24
		},
		{
			"costumeName": "t",
			"baseLayerID": 20,
			"baseLayerMD5": "c6e316834265c75fef6942244755fdd8.png",
			"bitmapResolution": 2,
			"rotationCenterX": 24,
			"rotationCenterY": 24
		},
		{
			"costumeName": "u",
			"baseLayerID": 21,
			"baseLayerMD5": "294763f0faa6dc8967516c92afd20633.png",
			"bitmapResolution": 2,
			"rotationCenterX": 24,
			"rotationCenterY": 24
		},
		{
			"costumeName": "v",
			"baseLayerID": 22,
			"baseLayerMD5": "8cace4d7f82cc20811b14cd38b6a0813.png",
			"bitmapResolution": 2,
			"rotationCenterX": 24,
			"rotationCenterY": 24
		},
		{
			"costumeName": "w",
			"baseLayerID": 23,
			"baseLayerMD5": "0f5fbf80921bd5b78429c5b7ac6740d9.png",
			"bitmapResolution": 2,
			"rotationCenterX": 24,
			"rotationCenterY": 24
		},
		{
			"costumeName": "y",
			"baseLayerID": 24,
			"baseLayerMD5": "b529c9937c706378ba9d77fc06f8ff1c.png",
			"bitmapResolution": 2,
			"rotationCenterX": 24,
			"rotationCenterY": 24
		},
		{
			"costumeName": "z",
			"baseLayerID": 25,
			"baseLayerMD5": "8ceff590af6c9144b39b7e240c0fa75c.png",
			"bitmapResolution": 2,
			"rotationCenterX": 24,
			"rotationCenterY": 24
		},
		{
			"costumeName": "@",
			"baseLayerID": 26,
			"baseLayerMD5": "574ce7a34e0e0810d94a86fcca9e428d.png",
			"bitmapResolution": 2,
			"rotationCenterX": 24,
			"rotationCenterY": 24
		}],
	"currentCostumeIndex": 1,
	"scratchX": 0,
	"scratchY": 0,
	"scale": 1.01,
	"direction": 90,
	"rotationStyle": "normal",
	"isDraggable": false,
	"indexInLibrary": 100000,
	"visible": true,
	"spriteInfo": {
	}
}