{
	"objName": "stage",
	"scripts": [[10, 10, [["gotoX:y:", 0, 0], ["comeToFront"], ["show"]]],
		[10, 89, [["whenGreenFlag"], ["hide"]]]],
	"sounds": [{
			"soundName": "pop",
			"soundID": 0,
			"md5": "83a9787d4cb6f3b7632b4ddfebf74367.wav",
			"sampleCount": 258,
			"rate": 11025,
			"format": ""
		}],
	"costumes": [{
			"costumeName": "chaos",
			"baseLayerID": 0,
			"baseLayerMD5": "c619dda026bb0d81cf3f8dca1dc299a0.png",
			"bitmapResolution": 2,
			"rotationCenterX": 480,
			"rotationCenterY": 360
		}],
	"currentCostumeIndex": 0,
	"scratchX": 0,
	"scratchY": 0,
	"scale": 1,
	"direction": 90,
	"rotationStyle": "normal",
	"isDraggable": false,
	"indexInLibrary": 100000,
	"visible": true,
	"spriteInfo": {
	}
}