{
	"objName": "smoke",
	"variables": [{
			"name": "Is Clone?",
			"value": "false",
			"isPersistent": false
		},
		{
			"name": "World X",
			"value": 0,
			"isPersistent": false
		},
		{
			"name": "World Y",
			"value": 0,
			"isPersistent": false
		},
		{
			"name": "Smoke Time Out",
			"value": 0,
			"isPersistent": false
		},
		{
			"name": "Clone Id",
			"value": 0,
			"isPersistent": false
		},
		{
			"name": "x",
			"value": 0,
			"isPersistent": false
		},
		{
			"name": "y",
			"value": 0,
			"isPersistent": false
		}],
	"scripts": [[309,
			10,
			[["whenCloned"],
				["setVar:to:", "Is Clone?", "true"],
				["setVar:to:", "World X", ["*", ["readVariable", "Clone Smoke X"], 24]],
				["setVar:to:", "World Y", ["*", ["readVariable", "Clone Smoke Y"], 24]],
				["setVar:to:", "Smoke Time Out", ["+", ["timer"], 3]],
				["append:toList:", ["readVariable", "World X"], "Smoke World X"],
				["append:toList:", ["readVariable", "World Y"], "Smoke World Y"],
				["playSound:", "my-car-smokescreen"]]],
		[309,
			240,
			[["whenIReceive", "Render Game"],
				["doIf",
					["=", ["readVariable", "Is Clone?"], "true"],
					[["doIfElse",
							["|",
								["<", ["readVariable", "y"], "-144"],
								["|",
									[">", ["readVariable", "y"], "144"],
									["|", ["<", ["readVariable", "x"], "-144"], [">", ["readVariable", "x"], "144"]]]],
							[["hide"]],
							[["gotoX:y:",
									["+", ["readVariable", "Centre Screen X"], ["readVariable", "x"]],
									["+", ["readVariable", "Centre Screen Y"], ["readVariable", "y"]]],
								["show"]]]]]]],
		[10,
			10,
			[["whenIReceive", "Initialise Once"],
				["setVar:to:", "Is Clone?", "false"],
				["deleteLine:ofList:", "all", "Smoke World X"],
				["deleteLine:ofList:", "all", "Smoke World Y"]]],
		[10,
			120,
			[["whenIReceive", "Update Game"],
				["doIf",
					["=", ["readVariable", "Is Clone?"], "true"],
					[["doIfElse",
							["<", ["timer"], ["readVariable", "Smoke Time Out"]],
							[["setVar:to:", "x", ["-", ["readVariable", "World X"], ["readVariable", "Player World X"]]],
								["setVar:to:", "y", ["-", ["readVariable", "Player World Y"], ["readVariable", "World Y"]]]],
							[["deleteLine:ofList:", 1, "Smoke World X"], ["deleteLine:ofList:", 1, "Smoke World Y"], ["deleteClone"]]]]]]],
		[10,
			402,
			[["whenIReceive", "Initialise Life"],
				["doIfElse",
					["=", ["readVariable", "Is Clone?"], "true"],
					[["deleteClone"]],
					[["deleteLine:ofList:", "all", "Smoke World X"], ["deleteLine:ofList:", "all", "Smoke World Y"]]]]],
		[827,
			10,
			[["whenIReceive", "Initialise Challenging Stage"],
				["doIf", ["=", ["readVariable", "Is Clone?"], "true"], [["hide"]]]]],
		[10,
			578,
			[["whenIReceive", "Initialise Title Page"],
				["doIfElse",
					["=", ["readVariable", "Is Clone?"], "true"],
					[["deleteClone"]],
					[["deleteLine:ofList:", "all", "Smoke World X"], ["deleteLine:ofList:", "all", "Smoke World Y"]]]]]],
	"sounds": [{
			"soundName": "my-car-smokescreen",
			"soundID": 0,
			"md5": "91b180905a546e42687dd5457341e944.wav",
			"sampleCount": 3136,
			"rate": 22050,
			"format": ""
		}],
	"costumes": [{
			"costumeName": "smoke",
			"baseLayerID": 0,
			"baseLayerMD5": "63907dbefd57822c16c877a79ee33b21.png",
			"bitmapResolution": 2,
			"rotationCenterX": 24,
			"rotationCenterY": 24
		}],
	"currentCostumeIndex": 0,
	"scratchX": 0,
	"scratchY": 0,
	"scale": 1,
	"direction": 90,
	"rotationStyle": "normal",
	"isDraggable": false,
	"indexInLibrary": 100000,
	"visible": true,
	"spriteInfo": {
	}
}