{
	"objName": "bang",
	"scripts": [[316,
			76,
			[["whenIReceive", "Crashed"], ["setVar:to:", "Crashed?", "true"], ["show"], ["playSound:", "my-car-crash"]]],
		[316, 10, [["whenIReceive", "Initialise Life"], ["hide"]]],
		[10,
			10,
			[["whenIReceive", "Initialise Once"],
				["gotoX:y:", ["readVariable", "Centre Screen X"], ["readVariable", "Centre Screen Y"]],
				["hide"],
				["comeToFront"]]],
		[504, 10, [["whenIReceive", "Initialise Title Page"], ["hide"]]],
		[504, 76, [["whenIReceive", "Initialise Challenging Stage"], ["hide"]]]],
	"sounds": [{
			"soundName": "my-car-crash",
			"soundID": 0,
			"md5": "d528d37901c377e3c30996c8c2f41418.wav",
			"sampleCount": 57600,
			"rate": 22050,
			"format": "adpcm"
		}],
	"costumes": [{
			"costumeName": "bang",
			"baseLayerID": 0,
			"baseLayerMD5": "c5a68b771ac2aae22621512725ff6c3d.png",
			"bitmapResolution": 2,
			"rotationCenterX": 24,
			"rotationCenterY": 24
		}],
	"currentCostumeIndex": 0,
	"scratchX": 0,
	"scratchY": 0,
	"scale": 1,
	"direction": 90,
	"rotationStyle": "normal",
	"isDraggable": false,
	"indexInLibrary": 100000,
	"visible": true,
	"spriteInfo": {
	}
}