{
	"objName": "boulder",
	"variables": [{
			"name": "Local IsClone?",
			"value": "false",
			"isPersistent": false
		},
		{
			"name": "Local Index",
			"value": 1,
			"isPersistent": false
		},
		{
			"name": "Local Good Position?",
			"value": "true",
			"isPersistent": false
		},
		{
			"name": "Local Grid X",
			"value": 25,
			"isPersistent": false
		},
		{
			"name": "Local Grid Y",
			"value": 50,
			"isPersistent": false
		},
		{
			"name": "Local Counter",
			"value": "1",
			"isPersistent": false
		},
		{
			"name": "Local World X",
			"value": 576,
			"isPersistent": false
		},
		{
			"name": "Local World Y",
			"value": 1176,
			"isPersistent": false
		},
		{
			"name": "Local X",
			"value": 0,
			"isPersistent": false
		},
		{
			"name": "Local Y",
			"value": 0,
			"isPersistent": false
		}],
	"scripts": [[1240,
			10,
			[["whenCloned"],
				["append:toList:", "0", "Global Boulder World X"],
				["append:toList:", "0", "Global Boulder World Y"],
				["setVar:to:", "Local Index", ["lineCountOfList:", "Global Boulder World X"]],
				["setVar:to:", "Local IsClone?", "true"],
				["setVar:to:", "Local Good Position?", "false"],
				["doUntil",
					["=", ["readVariable", "Local Good Position?"], "true"],
					[["setVar:to:", "Local Grid X", ["randomFrom:to:", 1, ["readVariable", "Global Map Width"]]],
						["setVar:to:", "Local Grid Y", ["randomFrom:to:", 1, ["readVariable", "Global Map Height"]]],
						["setVar:to:", "Local World X", ["*", ["-", ["readVariable", "Local Grid X"], 1], 24]],
						["setVar:to:", "Local World Y", ["*", ["-", ["readVariable", "Local Grid Y"], 1], 24]],
						["setVar:to:", "Local Good Position?", "true"],
						["setVar:to:", "Local Counter", "1"],
						["doRepeat",
							["readVariable", "Global Num Cars"],
							[["doIf",
									["&",
										["=", ["readVariable", "Local Grid X"], ["getLine:ofList:", ["readVariable", "Local Counter"], "Car Start X"]],
										["=", ["readVariable", "Local Grid Y"], ["getLine:ofList:", ["readVariable", "Local Counter"], "Car Start Y"]]],
									[["setVar:to:", "Local Good Position?", "false"]]],
								["changeVar:by:", "Local Counter", 1]]],
						["doIf",
							["=", ["readVariable", "Local Good Position?"], "true"],
							[["doIfElse",
									["=",
										["getLine:ofList:",
											["+",
												["readVariable", "Local Grid X"],
												["*", ["-", ["readVariable", "Local Grid Y"], 1], ["readVariable", "Global Map Width"]]],
											"Global Map Data"],
										"1"],
									[["setVar:to:", "Local Counter", "1"],
										["doRepeat",
											["readVariable", "Global Num Flags"],
											[["doIf",
													["&",
														["=", ["getLine:ofList:", ["readVariable", "Local Counter"], "Flag World X"], ["readVariable", "Local World X"]],
														["=", ["getLine:ofList:", ["readVariable", "Local Counter"], "Flag World Y"], ["readVariable", "Local World Y"]]],
													[["setVar:to:", "Local Good Position?", "false"]]],
												["changeVar:by:", "Local Counter", 1]]],
										["doIf",
											["=", ["readVariable", "Local Good Position?"], "true"],
											[["setVar:to:", "Local Counter", "1"],
												["doRepeat",
													["-", ["readVariable", "Local Index"], 1],
													[["doIf",
															["&",
																["=", ["getLine:ofList:", ["readVariable", "Local Counter"], "Global Boulder World X"], ["readVariable", "Local World X"]],
																["=", ["getLine:ofList:", ["readVariable", "Local Counter"], "Global Boulder World Y"], ["readVariable", "Local World Y"]]],
															[["setVar:to:", "Local Good Position?", "false"]]],
														["changeVar:by:", "Local Counter", 1]]]]]],
									[["setVar:to:", "Local Good Position?", "false"]]]]]]],
				["setLine:ofList:to:", ["readVariable", "Local Index"], "Global Boulder World X", ["readVariable", "Local World X"]],
				["setLine:ofList:to:", ["readVariable", "Local Index"], "Global Boulder World Y", ["readVariable", "Local World Y"]],
				["setVar:to:", "Global Cloning Boulder", "false"]]],
		[592,
			10,
			[["whenIReceive", "Render Game"],
				["doIf",
					["=", ["readVariable", "Local IsClone?"], "true"],
					[["doIfElse",
							["|",
								["<", ["readVariable", "Local Y"], "-144"],
								["|",
									[">", ["readVariable", "Local Y"], "144"],
									["|", ["<", ["readVariable", "Local X"], "-144"], [">", ["readVariable", "Local X"], "144"]]]],
							[["hide"]],
							[["gotoX:y:",
									["+", ["readVariable", "Centre Screen X"], ["readVariable", "Local X"]],
									["+", ["readVariable", "Centre Screen Y"], ["readVariable", "Local Y"]]],
								["show"]]]]]]],
		[10,
			10,
			[["whenIReceive", "Initialise Title Page"],
				["doIf", ["=", ["readVariable", "Local IsClone?"], "true"], [["deleteClone"]]]]],
		[10,
			124,
			[["whenIReceive", "Initialise Level"],
				["doIfElse",
					["=", ["readVariable", "Local IsClone?"], "true"],
					[["deleteClone"]],
					[["deleteLine:ofList:", "all", "Global Boulder World X"], ["deleteLine:ofList:", "all", "Global Boulder World Y"]]]]],
		[10,
			300,
			[["whenGreenFlag"],
				["deleteLine:ofList:", "all", "Global Boulder World X"],
				["deleteLine:ofList:", "all", "Global Boulder World Y"],
				["setVar:to:", "Local IsClone?", "false"],
				["hide"]]],
		[250,
			122,
			[["whenIReceive", "Update Game"],
				["doIf",
					["=", ["readVariable", "Local IsClone?"], "true"],
					[["setVar:to:", "Local X", ["-", ["readVariable", "Local World X"], ["readVariable", "Player World X"]]],
						["setVar:to:", "Local Y", ["-", ["readVariable", "Player World Y"], ["readVariable", "Local World Y"]]]]]]],
		[250,
			10,
			[["whenIReceive", "Initialise Life"],
				["doIf", ["=", ["readVariable", "Local IsClone?"], "true"], [["hide"]]]]],
		[592,
			253,
			[["whenIReceive", "Initialise Challenging Stage"],
				["doIf", ["=", ["readVariable", "Local IsClone?"], "true"], [["hide"]]]]],
		[250,
			272,
			[["whenIReceive", "Clone Boulder"],
				["doIf",
					["=", ["readVariable", "Local IsClone?"], "false"],
					[["setVar:to:", "Global Cloning Boulder", "true"],
						["createCloneOf", "_myself_"],
						["doWaitUntil", ["=", ["readVariable", "Global Cloning Boulder"], "false"]]]]]]],
	"costumes": [{
			"costumeName": "boulder1",
			"baseLayerID": 0,
			"baseLayerMD5": "97c46942ea835be4bc444afe3a0cb5bc.png",
			"bitmapResolution": 2,
			"rotationCenterX": 22,
			"rotationCenterY": 22
		},
		{
			"costumeName": "boulder2",
			"baseLayerID": 1,
			"baseLayerMD5": "ed211be4b0c89a976af982ec749114b5.png",
			"bitmapResolution": 2,
			"rotationCenterX": 22,
			"rotationCenterY": 22
		}],
	"currentCostumeIndex": 1,
	"scratchX": 0,
	"scratchY": 0,
	"scale": 1,
	"direction": 90,
	"rotationStyle": "normal",
	"isDraggable": false,
	"indexInLibrary": 100000,
	"visible": true,
	"spriteInfo": {
	}
}